[{"model": "contenttypes.contenttype", "pk": 1, "fields": {"app_label": "admin", "model": "logentry"}}, {"model": "contenttypes.contenttype", "pk": 2, "fields": {"app_label": "auth", "model": "permission"}}, {"model": "contenttypes.contenttype", "pk": 3, "fields": {"app_label": "auth", "model": "group"}}, {"model": "contenttypes.contenttype", "pk": 4, "fields": {"app_label": "contenttypes", "model": "contenttype"}}, {"model": "contenttypes.contenttype", "pk": 5, "fields": {"app_label": "sessions", "model": "session"}}, {"model": "contenttypes.contenttype", "pk": 6, "fields": {"app_label": "university_connect", "model": "baseuser"}}, {"model": "contenttypes.contenttype", "pk": 7, "fields": {"app_label": "university_connect", "model": "attendance"}}, {"model": "contenttypes.contenttype", "pk": 8, "fields": {"app_label": "university_connect", "model": "course"}}, {"model": "contenttypes.contenttype", "pk": 9, "fields": {"app_label": "university_connect", "model": "faculty"}}, {"model": "contenttypes.contenttype", "pk": 10, "fields": {"app_label": "university_connect", "model": "semester"}}, {"model": "contenttypes.contenttype", "pk": 11, "fields": {"app_label": "university_connect", "model": "subject"}}, {"model": "contenttypes.contenttype", "pk": 12, "fields": {"app_label": "university_connect", "model": "student"}}, {"model": "contenttypes.contenttype", "pk": 13, "fields": {"app_label": "university_connect", "model": "feedbackstudent"}}, {"model": "contenttypes.contenttype", "pk": 14, "fields": {"app_label": "university_connect", "model": "feedbackfaculty"}}, {"model": "contenttypes.contenttype", "pk": 15, "fields": {"app_label": "university_connect", "model": "attendancereport"}}, {"model": "contenttypes.contenttype", "pk": 16, "fields": {"app_label": "university_connect", "model": "announcement"}}, {"model": "contenttypes.contenttype", "pk": 17, "fields": {"app_label": "university_connect", "model": "admin"}}, {"model": "contenttypes.contenttype", "pk": 18, "fields": {"app_label": "university_connect", "model": "leavereport"}}, {"model": "contenttypes.contenttype", "pk": 19, "fields": {"app_label": "university_connect", "model": "studentresult"}}, {"model": "contenttypes.contenttype", "pk": 20, "fields": {"app_label": "university_connect", "model": "feedback"}}, {"model": "sessions.session", "pk": "52o1k3u63idpgfh4hm94cd4h0rtlmrsw", "fields": {"session_data": "NTJiNjg3NTk5ZjE1NjNmZTc4YTRmOTVhNmQ3NDY3MGFmZDJmNzZhODp7Il9hdXRoX3VzZXJfaWQiOiIyIiwiX2F1dGhfdXNlcl9iYWNrZW5kIjoidW5pdmVyc2l0eV9jb25uZWN0LmVtYWlsX2JhY2tlbmQuRW1haWxCYWNrZW5kIiwiX2F1dGhfdXNlcl9oYXNoIjoiNTRkYzMxN2QxYzU1ZDAyNmM1NGI2Mjg3NDBjYjJmM2JjNzhlNjRhOCJ9", "expire_date": "2021-12-10T16:17:05.523Z"}}, {"model": "sessions.session", "pk": "cy0z3otsk8w7x04xohoorje6x2yc75dr", "fields": {"session_data": "YjA3MGNjNmFmOTA3MDliMTZiYzczMTJkYWZmOTA4MzExZTJkZjcyZTp7Il9hdXRoX3VzZXJfaWQiOiIxIiwiX2F1dGhfdXNlcl9iYWNrZW5kIjoidW5pdmVyc2l0eV9jb25uZWN0LmVtYWlsX2JhY2tlbmQuRW1haWxCYWNrZW5kIiwiX2F1dGhfdXNlcl9oYXNoIjoiMjdhZTBmM2Q2NDZkZTQwOWQ2MGI0N2VlNzUzMjA3YTQ4YTIwNjEzYSJ9", "expire_date": "2021-12-06T06:22:18.230Z"}}, {"model": "sessions.session", "pk": "odp40xo6t9dphwx45y419tvnj2r3g6p1", "fields": {"session_data": "NDc2YWQ3ZTkwNTg5N2FiMDZlMWUwOWJiNmFlNjdlYWQ5M2YwMDlmYjp7Il9hdXRoX3VzZXJfaWQiOiIxNCIsIl9hdXRoX3VzZXJfYmFja2VuZCI6InVuaXZlcnNpdHlfY29ubmVjdC5lbWFpbF9iYWNrZW5kLkVtYWlsQmFja2VuZCIsIl9hdXRoX3VzZXJfaGFzaCI6ImU0MThjZWZjYzhhYmU4ZDgwZjY1MWY4ODE5MDEyM2EwZmUzZjUxYmQifQ==", "expire_date": "2021-12-10T11:42:47.813Z"}}, {"model": "sessions.session", "pk": "pdeantrlj5buoyvpto3z7boakcvc9eas", "fields": {"session_data": "MTUyNTZlZDZjNTAxNjIxN2YyM2NiOWMxNDI0M2I4ZDJhNWEwNWZhNzp7Il9hdXRoX3VzZXJfaWQiOiIyMSIsIl9hdXRoX3VzZXJfYmFja2VuZCI6InVuaXZlcnNpdHlfY29ubmVjdC5lbWFpbF9iYWNrZW5kLkVtYWlsQmFja2VuZCIsIl9hdXRoX3VzZXJfaGFzaCI6ImVmZmRmZmVmMjJlMWY0YTg2ZWVjY2M2OWY2NmY5NWNlNGI5YzY4Y2EifQ==", "expire_date": "2021-12-11T13:40:38.896Z"}}, {"model": "sessions.session", "pk": "qs1c76f39snue8zv5hn6lnu3yvuqrd9v", "fields": {"session_data": "YjA3MGNjNmFmOTA3MDliMTZiYzczMTJkYWZmOTA4MzExZTJkZjcyZTp7Il9hdXRoX3VzZXJfaWQiOiIxIiwiX2F1dGhfdXNlcl9iYWNrZW5kIjoidW5pdmVyc2l0eV9jb25uZWN0LmVtYWlsX2JhY2tlbmQuRW1haWxCYWNrZW5kIiwiX2F1dGhfdXNlcl9oYXNoIjoiMjdhZTBmM2Q2NDZkZTQwOWQ2MGI0N2VlNzUzMjA3YTQ4YTIwNjEzYSJ9", "expire_date": "2021-12-12T08:27:55.653Z"}}, {"model": "sessions.session", "pk": "wovi3aeajuu65svdjbcztyo1v6q5daax", "fields": {"session_data": "YjA3MGNjNmFmOTA3MDliMTZiYzczMTJkYWZmOTA4MzExZTJkZjcyZTp7Il9hdXRoX3VzZXJfaWQiOiIxIiwiX2F1dGhfdXNlcl9iYWNrZW5kIjoidW5pdmVyc2l0eV9jb25uZWN0LmVtYWlsX2JhY2tlbmQuRW1haWxCYWNrZW5kIiwiX2F1dGhfdXNlcl9oYXNoIjoiMjdhZTBmM2Q2NDZkZTQwOWQ2MGI0N2VlNzUzMjA3YTQ4YTIwNjEzYSJ9", "expire_date": "2021-12-08T09:14:53.502Z"}}, {"model": "sessions.session", "pk": "xwiuf3fw7w1wnwe2f43hdpqhp42905w9", "fields": {"session_data": "YzAzYjJiNTI4NGJlNzliZTFlZTEyNTFhZGYzZmUwNmQ3OWRiNjgyNjp7Il9hdXRoX3VzZXJfaWQiOiIxIiwiX2F1dGhfdXNlcl9iYWNrZW5kIjoidW5pdmVyc2l0eV9jb25uZWN0LmVtYWlsX2JhY2tlbmQuRW1haWxCYWNrZW5kIiwiX2F1dGhfdXNlcl9oYXNoIjoiMjdhZTBmM2Q2NDZkZTQwOWQ2MGI0N2VlNzUzMjA3YTQ4YTIwNjEzYSIsInN0dWRlbnRfaWQiOiI2In0=", "expire_date": "2021-12-09T15:22:38.501Z"}}, {"model": "university_connect.course", "pk": 1, "fields": {"course_name": "B.E. Computer Science", "created_at": "2021-11-22T06:16:41.596Z", "updated_at": "2021-11-22T06:16:41.596Z"}}, {"model": "university_connect.course", "pk": 2, "fields": {"course_name": "B.E. Electronics and Communication", "created_at": "2021-11-22T06:16:43.621Z", "updated_at": "2021-11-22T06:16:43.621Z"}}, {"model": "university_connect.course", "pk": 5, "fields": {"course_name": "M.Sc. Economics", "created_at": "2021-11-22T06:16:56.669Z", "updated_at": "2021-11-22T06:16:56.669Z"}}, {"model": "university_connect.semester", "pk": 1, "fields": {"start_year": "2021-01-01", "end_year": "2021-05-31"}}, {"model": "university_connect.semester", "pk": 2, "fields": {"start_year": "2021-08-01", "end_year": "2021-12-15"}}, {"model": "university_connect.attendance", "pk": 1, "fields": {"subject_id": 1, "attendance_date": "2021-02-18", "semester_id": 1, "created_at": "2021-11-26T10:31:58.014Z", "updated_at": "2021-11-26T10:31:58.014Z"}}, {"model": "university_connect.attendance", "pk": 2, "fields": {"subject_id": 1, "attendance_date": "2021-02-03", "semester_id": 1, "created_at": "2021-11-26T10:33:32.971Z", "updated_at": "2021-11-26T10:33:32.971Z"}}, {"model": "university_connect.attendance", "pk": 3, "fields": {"subject_id": 2, "attendance_date": "2021-03-04", "semester_id": 1, "created_at": "2021-11-26T10:55:12.411Z", "updated_at": "2021-11-26T10:55:12.411Z"}}, {"model": "university_connect.attendance", "pk": 4, "fields": {"subject_id": 2, "attendance_date": "2021-04-02", "semester_id": 1, "created_at": "2021-11-26T10:56:06.866Z", "updated_at": "2021-11-26T10:56:06.866Z"}}, {"model": "university_connect.attendance", "pk": 5, "fields": {"subject_id": 3, "attendance_date": "2021-11-20", "semester_id": 2, "created_at": "2021-11-26T11:06:56.497Z", "updated_at": "2021-11-26T11:06:56.497Z"}}, {"model": "university_connect.attendance", "pk": 6, "fields": {"subject_id": 5, "attendance_date": "2021-11-26", "semester_id": 2, "created_at": "2021-11-26T11:13:52.915Z", "updated_at": "2021-11-26T11:13:52.915Z"}}, {"model": "university_connect.attendancereport", "pk": 1, "fields": {"student_id": 2, "attendance_id": 1, "status": true, "created_at": "2021-11-26T10:31:58.170Z", "updated_at": "2021-11-26T10:31:58.170Z"}}, {"model": "university_connect.attendancereport", "pk": 2, "fields": {"student_id": 8, "attendance_id": 1, "status": true, "created_at": "2021-11-26T10:31:58.218Z", "updated_at": "2021-11-26T10:31:58.218Z"}}, {"model": "university_connect.attendancereport", "pk": 3, "fields": {"student_id": 14, "attendance_id": 1, "status": true, "created_at": "2021-11-26T10:31:58.266Z", "updated_at": "2021-11-26T10:31:58.266Z"}}, {"model": "university_connect.attendancereport", "pk": 4, "fields": {"student_id": 2, "attendance_id": 2, "status": true, "created_at": "2021-11-26T10:33:33.027Z", "updated_at": "2021-11-26T10:33:33.027Z"}}, {"model": "university_connect.attendancereport", "pk": 5, "fields": {"student_id": 8, "attendance_id": 2, "status": true, "created_at": "2021-11-26T10:33:33.089Z", "updated_at": "2021-11-26T10:33:33.089Z"}}, {"model": "university_connect.attendancereport", "pk": 6, "fields": {"student_id": 14, "attendance_id": 2, "status": true, "created_at": "2021-11-26T10:33:33.152Z", "updated_at": "2021-11-26T10:33:33.152Z"}}, {"model": "university_connect.attendancereport", "pk": 7, "fields": {"student_id": 6, "attendance_id": 3, "status": true, "created_at": "2021-11-26T10:55:12.580Z", "updated_at": "2021-11-26T10:55:12.580Z"}}, {"model": "university_connect.attendancereport", "pk": 8, "fields": {"student_id": 12, "attendance_id": 3, "status": false, "created_at": "2021-11-26T10:55:12.658Z", "updated_at": "2021-11-26T10:55:12.658Z"}}, {"model": "university_connect.attendancereport", "pk": 9, "fields": {"student_id": 6, "attendance_id": 4, "status": true, "created_at": "2021-11-26T10:56:06.928Z", "updated_at": "2021-11-26T10:56:06.928Z"}}, {"model": "university_connect.attendancereport", "pk": 10, "fields": {"student_id": 12, "attendance_id": 4, "status": true, "created_at": "2021-11-26T10:56:06.975Z", "updated_at": "2021-11-26T10:56:06.975Z"}}, {"model": "university_connect.attendancereport", "pk": 11, "fields": {"student_id": 5, "attendance_id": 5, "status": true, "created_at": "2021-11-26T11:06:57.263Z", "updated_at": "2021-11-26T11:06:57.263Z"}}, {"model": "university_connect.attendancereport", "pk": 12, "fields": {"student_id": 9, "attendance_id": 5, "status": true, "created_at": "2021-11-26T11:06:57.492Z", "updated_at": "2021-11-26T11:06:57.492Z"}}, {"model": "university_connect.attendancereport", "pk": 13, "fields": {"student_id": 7, "attendance_id": 6, "status": true, "created_at": "2021-11-26T11:13:53.063Z", "updated_at": "2021-11-26T11:13:53.063Z"}}, {"model": "university_connect.attendancereport", "pk": 14, "fields": {"student_id": 13, "attendance_id": 6, "status": true, "created_at": "2021-11-26T11:13:53.115Z", "updated_at": "2021-11-26T11:13:53.115Z"}}, {"model": "university_connect.announcement", "pk": 1, "fields": {"faculty_id": 1, "subject_id": 1, "message": "Read the attached Assignment", "link": "https://towardsdatascience.com/10-graph-algorithms-visually-explained-e57faa1336f3", "upload_url": "/media/Winter%202019%20assignment.pdf", "upload_name": "Winter 2019 assignment.pdf", "read_status": true, "created_at": "2021-11-24T09:52:19.434Z", "updated_at": "2021-11-26T17:41:43.284Z"}}, {"model": "university_connect.announcement", "pk": 3, "fields": {"faculty_id": 2, "subject_id": 2, "message": "This is an announcement regarding E.S. course", "link": "", "upload_url": "", "upload_name": "", "read_status": true, "created_at": "2021-11-26T09:10:54.547Z", "updated_at": "2021-11-27T08:35:30.959Z"}}, {"model": "university_connect.announcement", "pk": 4, "fields": {"faculty_id": 3, "subject_id": 4, "message": "For all DSA students, this is a reminder of the quiz that is to be held on December 1st. The syllabus will be Trees and Graphs.", "link": "", "upload_url": "", "upload_name": "", "read_status": false, "created_at": "2021-11-28T08:23:28.477Z", "updated_at": "2021-11-28T08:23:28.477Z"}}, {"model": "university_connect.studentresult", "pk": 1, "fields": {"student_id": 4, "subject_id": 1, "exam_marks": 200.0, "assignment_marks": 100.0, "created_at": "2021-11-24T08:40:37.192Z", "updated_at": "2021-11-24T08:40:37.192Z"}}, {"model": "university_connect.studentresult", "pk": 2, "fields": {"student_id": 2, "subject_id": 1, "exam_marks": 10.0, "assignment_marks": 40.0, "created_at": "2021-11-24T08:40:45.958Z", "updated_at": "2021-11-24T09:50:15.448Z"}}, {"model": "university_connect.studentresult", "pk": 3, "fields": {"student_id": 8, "subject_id": 1, "exam_marks": 65.0, "assignment_marks": 20.0, "created_at": "2021-11-26T10:39:55.765Z", "updated_at": "2021-11-26T10:39:55.765Z"}}, {"model": "university_connect.studentresult", "pk": 4, "fields": {"student_id": 9, "subject_id": 2, "exam_marks": 78.0, "assignment_marks": 20.0, "created_at": "2021-11-26T11:00:10.227Z", "updated_at": "2021-11-26T11:00:10.227Z"}}, {"model": "auth.permission", "pk": 1, "fields": {"name": "Can add log entry", "content_type": 1, "codename": "add_logentry"}}, {"model": "auth.permission", "pk": 2, "fields": {"name": "Can change log entry", "content_type": 1, "codename": "change_logentry"}}, {"model": "auth.permission", "pk": 3, "fields": {"name": "Can delete log entry", "content_type": 1, "codename": "delete_logentry"}}, {"model": "auth.permission", "pk": 4, "fields": {"name": "Can view log entry", "content_type": 1, "codename": "view_logentry"}}, {"model": "auth.permission", "pk": 5, "fields": {"name": "Can add permission", "content_type": 2, "codename": "add_permission"}}, {"model": "auth.permission", "pk": 6, "fields": {"name": "Can change permission", "content_type": 2, "codename": "change_permission"}}, {"model": "auth.permission", "pk": 7, "fields": {"name": "Can delete permission", "content_type": 2, "codename": "delete_permission"}}, {"model": "auth.permission", "pk": 8, "fields": {"name": "Can view permission", "content_type": 2, "codename": "view_permission"}}, {"model": "auth.permission", "pk": 9, "fields": {"name": "Can add group", "content_type": 3, "codename": "add_group"}}, {"model": "auth.permission", "pk": 10, "fields": {"name": "Can change group", "content_type": 3, "codename": "change_group"}}, {"model": "auth.permission", "pk": 11, "fields": {"name": "Can delete group", "content_type": 3, "codename": "delete_group"}}, {"model": "auth.permission", "pk": 12, "fields": {"name": "Can view group", "content_type": 3, "codename": "view_group"}}, {"model": "auth.permission", "pk": 13, "fields": {"name": "Can add content type", "content_type": 4, "codename": "add_contenttype"}}, {"model": "auth.permission", "pk": 14, "fields": {"name": "Can change content type", "content_type": 4, "codename": "change_contenttype"}}, {"model": "auth.permission", "pk": 15, "fields": {"name": "Can delete content type", "content_type": 4, "codename": "delete_contenttype"}}, {"model": "auth.permission", "pk": 16, "fields": {"name": "Can view content type", "content_type": 4, "codename": "view_contenttype"}}, {"model": "auth.permission", "pk": 17, "fields": {"name": "Can add session", "content_type": 5, "codename": "add_session"}}, {"model": "auth.permission", "pk": 18, "fields": {"name": "Can change session", "content_type": 5, "codename": "change_session"}}, {"model": "auth.permission", "pk": 19, "fields": {"name": "Can delete session", "content_type": 5, "codename": "delete_session"}}, {"model": "auth.permission", "pk": 20, "fields": {"name": "Can view session", "content_type": 5, "codename": "view_session"}}, {"model": "auth.permission", "pk": 21, "fields": {"name": "Can add user", "content_type": 6, "codename": "add_baseuser"}}, {"model": "auth.permission", "pk": 22, "fields": {"name": "Can change user", "content_type": 6, "codename": "change_baseuser"}}, {"model": "auth.permission", "pk": 23, "fields": {"name": "Can delete user", "content_type": 6, "codename": "delete_baseuser"}}, {"model": "auth.permission", "pk": 24, "fields": {"name": "Can view user", "content_type": 6, "codename": "view_baseuser"}}, {"model": "auth.permission", "pk": 25, "fields": {"name": "Can add attendance", "content_type": 7, "codename": "add_attendance"}}, {"model": "auth.permission", "pk": 26, "fields": {"name": "Can change attendance", "content_type": 7, "codename": "change_attendance"}}, {"model": "auth.permission", "pk": 27, "fields": {"name": "Can delete attendance", "content_type": 7, "codename": "delete_attendance"}}, {"model": "auth.permission", "pk": 28, "fields": {"name": "Can view attendance", "content_type": 7, "codename": "view_attendance"}}, {"model": "auth.permission", "pk": 29, "fields": {"name": "Can add course", "content_type": 8, "codename": "add_course"}}, {"model": "auth.permission", "pk": 30, "fields": {"name": "Can change course", "content_type": 8, "codename": "change_course"}}, {"model": "auth.permission", "pk": 31, "fields": {"name": "Can delete course", "content_type": 8, "codename": "delete_course"}}, {"model": "auth.permission", "pk": 32, "fields": {"name": "Can view course", "content_type": 8, "codename": "view_course"}}, {"model": "auth.permission", "pk": 33, "fields": {"name": "Can add faculty", "content_type": 9, "codename": "add_faculty"}}, {"model": "auth.permission", "pk": 34, "fields": {"name": "Can change faculty", "content_type": 9, "codename": "change_faculty"}}, {"model": "auth.permission", "pk": 35, "fields": {"name": "Can delete faculty", "content_type": 9, "codename": "delete_faculty"}}, {"model": "auth.permission", "pk": 36, "fields": {"name": "Can view faculty", "content_type": 9, "codename": "view_faculty"}}, {"model": "auth.permission", "pk": 37, "fields": {"name": "Can add semester", "content_type": 10, "codename": "add_semester"}}, {"model": "auth.permission", "pk": 38, "fields": {"name": "Can change semester", "content_type": 10, "codename": "change_semester"}}, {"model": "auth.permission", "pk": 39, "fields": {"name": "Can delete semester", "content_type": 10, "codename": "delete_semester"}}, {"model": "auth.permission", "pk": 40, "fields": {"name": "Can view semester", "content_type": 10, "codename": "view_semester"}}, {"model": "auth.permission", "pk": 41, "fields": {"name": "Can add subject", "content_type": 11, "codename": "add_subject"}}, {"model": "auth.permission", "pk": 42, "fields": {"name": "Can change subject", "content_type": 11, "codename": "change_subject"}}, {"model": "auth.permission", "pk": 43, "fields": {"name": "Can delete subject", "content_type": 11, "codename": "delete_subject"}}, {"model": "auth.permission", "pk": 44, "fields": {"name": "Can view subject", "content_type": 11, "codename": "view_subject"}}, {"model": "auth.permission", "pk": 45, "fields": {"name": "Can add student", "content_type": 12, "codename": "add_student"}}, {"model": "auth.permission", "pk": 46, "fields": {"name": "Can change student", "content_type": 12, "codename": "change_student"}}, {"model": "auth.permission", "pk": 47, "fields": {"name": "Can delete student", "content_type": 12, "codename": "delete_student"}}, {"model": "auth.permission", "pk": 48, "fields": {"name": "Can view student", "content_type": 12, "codename": "view_student"}}, {"model": "auth.permission", "pk": 49, "fields": {"name": "Can add feedback student", "content_type": 13, "codename": "add_feedbackstudent"}}, {"model": "auth.permission", "pk": 50, "fields": {"name": "Can change feedback student", "content_type": 13, "codename": "change_feedbackstudent"}}, {"model": "auth.permission", "pk": 51, "fields": {"name": "Can delete feedback student", "content_type": 13, "codename": "delete_feedbackstudent"}}, {"model": "auth.permission", "pk": 52, "fields": {"name": "Can view feedback student", "content_type": 13, "codename": "view_feedbackstudent"}}, {"model": "auth.permission", "pk": 53, "fields": {"name": "Can add feedback faculty", "content_type": 14, "codename": "add_feedbackfaculty"}}, {"model": "auth.permission", "pk": 54, "fields": {"name": "Can change feedback faculty", "content_type": 14, "codename": "change_feedbackfaculty"}}, {"model": "auth.permission", "pk": 55, "fields": {"name": "Can delete feedback faculty", "content_type": 14, "codename": "delete_feedbackfaculty"}}, {"model": "auth.permission", "pk": 56, "fields": {"name": "Can view feedback faculty", "content_type": 14, "codename": "view_feedbackfaculty"}}, {"model": "auth.permission", "pk": 57, "fields": {"name": "Can add attendance report", "content_type": 15, "codename": "add_attendancereport"}}, {"model": "auth.permission", "pk": 58, "fields": {"name": "Can change attendance report", "content_type": 15, "codename": "change_attendancereport"}}, {"model": "auth.permission", "pk": 59, "fields": {"name": "Can delete attendance report", "content_type": 15, "codename": "delete_attendancereport"}}, {"model": "auth.permission", "pk": 60, "fields": {"name": "Can view attendance report", "content_type": 15, "codename": "view_attendancereport"}}, {"model": "auth.permission", "pk": 61, "fields": {"name": "Can add announcement", "content_type": 16, "codename": "add_announcement"}}, {"model": "auth.permission", "pk": 62, "fields": {"name": "Can change announcement", "content_type": 16, "codename": "change_announcement"}}, {"model": "auth.permission", "pk": 63, "fields": {"name": "Can delete announcement", "content_type": 16, "codename": "delete_announcement"}}, {"model": "auth.permission", "pk": 64, "fields": {"name": "Can view announcement", "content_type": 16, "codename": "view_announcement"}}, {"model": "auth.permission", "pk": 65, "fields": {"name": "Can add admin", "content_type": 17, "codename": "add_admin"}}, {"model": "auth.permission", "pk": 66, "fields": {"name": "Can change admin", "content_type": 17, "codename": "change_admin"}}, {"model": "auth.permission", "pk": 67, "fields": {"name": "Can delete admin", "content_type": 17, "codename": "delete_admin"}}, {"model": "auth.permission", "pk": 68, "fields": {"name": "Can view admin", "content_type": 17, "codename": "view_admin"}}, {"model": "auth.permission", "pk": 69, "fields": {"name": "Can add leave report", "content_type": 18, "codename": "add_leavereport"}}, {"model": "auth.permission", "pk": 70, "fields": {"name": "Can change leave report", "content_type": 18, "codename": "change_leavereport"}}, {"model": "auth.permission", "pk": 71, "fields": {"name": "Can delete leave report", "content_type": 18, "codename": "delete_leavereport"}}, {"model": "auth.permission", "pk": 72, "fields": {"name": "Can view leave report", "content_type": 18, "codename": "view_leavereport"}}, {"model": "auth.permission", "pk": 73, "fields": {"name": "Can add student result", "content_type": 19, "codename": "add_studentresult"}}, {"model": "auth.permission", "pk": 74, "fields": {"name": "Can change student result", "content_type": 19, "codename": "change_studentresult"}}, {"model": "auth.permission", "pk": 75, "fields": {"name": "Can delete student result", "content_type": 19, "codename": "delete_studentresult"}}, {"model": "auth.permission", "pk": 76, "fields": {"name": "Can view student result", "content_type": 19, "codename": "view_studentresult"}}, {"model": "auth.permission", "pk": 77, "fields": {"name": "Can add feedback", "content_type": 20, "codename": "add_feedback"}}, {"model": "auth.permission", "pk": 78, "fields": {"name": "Can change feedback", "content_type": 20, "codename": "change_feedback"}}, {"model": "auth.permission", "pk": 79, "fields": {"name": "Can delete feedback", "content_type": 20, "codename": "delete_feedback"}}, {"model": "auth.permission", "pk": 80, "fields": {"name": "Can view feedback", "content_type": 20, "codename": "view_feedback"}}, {"model": "university_connect.baseuser", "pk": 1, "fields": {"password": "pbkdf2_sha256$180000$I7lUNnftkZNF$gqGW6JjEkSftev/QERKVG6FW/yjAsQofuNW3m8AC7Eo=", "last_login": "2021-11-28T08:27:55.601Z", "is_superuser": true, "username": "admin", "first_name": "Admin", "last_name": "UConnect", "email": "admin@uconnect.com", "is_staff": true, "is_active": true, "date_joined": "2021-11-22T06:14:48.737Z", "user_type": "1", "groups": [], "user_permissions": []}}, {"model": "university_connect.baseuser", "pk": 2, "fields": {"password": "pbkdf2_sha256$180000$F0sqw5VE9uvL$OSg0F5W1NysgZ86bRQCVkO/PBUC+dhWqfV+F3btXJ9I=", "last_login": "2021-11-28T07:57:48.750Z", "is_superuser": false, "username": "faculty", "first_name": "Faculty", "last_name": "UConnect", "email": "faculty@uconnect.com", "is_staff": false, "is_active": true, "date_joined": "2021-11-22T06:16:23.997Z", "user_type": "2", "groups": [], "user_permissions": []}}, {"model": "university_connect.baseuser", "pk": 3, "fields": {"password": "pbkdf2_sha256$180000$fpxVK1g3RHlR$GKvG0Jk2uGWWE+nubi5poJ7OaPM60iULubdoQA1uOqg=", "last_login": "2021-11-26T10:43:42.778Z", "is_superuser": false, "username": "faculty2", "first_name": "Faculty2", "last_name": "UConnect", "email": "faculty2@uconnect.com", "is_staff": false, "is_active": true, "date_joined": "2021-11-22T06:17:28.772Z", "user_type": "2", "groups": [], "user_permissions": []}}, {"model": "university_connect.baseuser", "pk": 5, "fields": {"password": "pbkdf2_sha256$180000$9AZ545Gabs2f$Z1fnbTst73b8Vrm5bivpyKgCZSlkugOgA1udRtNcOcI=", "last_login": "2021-11-28T08:26:49.703Z", "is_superuser": false, "username": "student", "first_name": "Student", "last_name": "UConnect", "email": "student@uconnect.com", "is_staff": false, "is_active": true, "date_joined": "2021-11-22T07:15:28.333Z", "user_type": "3", "groups": [], "user_permissions": []}}, {"model": "university_connect.baseuser", "pk": 7, "fields": {"password": "pbkdf2_sha256$180000$Bft3AHbSeDJM$DcB/Eok9IiR06Cek23AiubC9S/QdS2+909c45UH164E=", "last_login": "2021-11-26T11:40:46.419Z", "is_superuser": false, "username": "student3", "first_name": "Student3", "last_name": "UConnect", "email": "student3@uconnect.com", "is_staff": false, "is_active": true, "date_joined": "2021-11-22T07:16:39.792Z", "user_type": "3", "groups": [], "user_permissions": []}}, {"model": "university_connect.baseuser", "pk": 8, "fields": {"password": "pbkdf2_sha256$180000$Or6OCr7AQwlW$hLan07DZ+7fJY9+Rj9dBygshINDOu2wc8sJeOEmE/Lw=", "last_login": "2021-11-28T08:15:39.366Z", "is_superuser": false, "username": "faculty1", "first_name": "Faculty1", "last_name": "UConnect", "email": "faculty1@uconnect.com", "is_staff": false, "is_active": true, "date_joined": "2021-11-25T14:23:23.453Z", "user_type": "2", "groups": [], "user_permissions": []}}, {"model": "university_connect.baseuser", "pk": 9, "fields": {"password": "pbkdf2_sha256$180000$wIw3e0brxT62$FpIrVIlbpPoT4iaqOSb+BLEqmHPD0hGZ/QeRGTlS4MU=", "last_login": "2021-11-26T11:05:48.123Z", "is_superuser": false, "username": "faculty3", "first_name": "Faculty3", "last_name": "UConnect ", "email": "faculty3@uconnect.com", "is_staff": false, "is_active": true, "date_joined": "2021-11-25T15:05:26.999Z", "user_type": "2", "groups": [], "user_permissions": []}}, {"model": "university_connect.baseuser", "pk": 10, "fields": {"password": "pbkdf2_sha256$180000$vQHBiDk2u8T0$ank1zSzOWSb1LVPh2boB1ptbkBVThf79RTNkF8kKMI8=", "last_login": "2021-11-26T11:10:47.212Z", "is_superuser": false, "username": "faculty4", "first_name": "Faculty4", "last_name": "UConnect", "email": "faculty4@uconnect.com", "is_staff": false, "is_active": true, "date_joined": "2021-11-25T15:07:54.279Z", "user_type": "2", "groups": [], "user_permissions": []}}, {"model": "university_connect.baseuser", "pk": 11, "fields": {"password": "pbkdf2_sha256$180000$zK5vXGOb96y1$NDurP9fsaa2ZeqgiafSWeNQ8SW+8sovo5pevvDJlOWo=", "last_login": null, "is_superuser": false, "username": "faculty5", "first_name": "Faculty5", "last_name": "UConnect", "email": "faculty5@uconnect.com", "is_staff": false, "is_active": true, "date_joined": "2021-11-25T15:12:19.852Z", "user_type": "2", "groups": [], "user_permissions": []}}, {"model": "university_connect.baseuser", "pk": 12, "fields": {"password": "pbkdf2_sha256$180000$AKDt681fFrDC$U6tdM1l+lopHLzy2ZDN2SzsINK4ra7BxzD2VP2Fd+K0=", "last_login": null, "is_superuser": false, "username": "Student1", "first_name": "Student1", "last_name": "UConnect", "email": "student1@uconnect.com", "is_staff": false, "is_active": true, "date_joined": "2021-11-25T16:04:56.634Z", "user_type": "3", "groups": [], "user_permissions": []}}, {"model": "university_connect.baseuser", "pk": 13, "fields": {"password": "pbkdf2_sha256$180000$mGxXluHlAlJu$62dfXtBy5PHu1pf7MFRVxJ4uMIk26/rN3LHFSf9QtGA=", "last_login": "2021-11-26T11:41:31.245Z", "is_superuser": false, "username": "Studen4", "first_name": "Student4", "last_name": "UConnect", "email": "student4@uconnect.com", "is_staff": false, "is_active": true, "date_joined": "2021-11-25T16:07:44.820Z", "user_type": "3", "groups": [], "user_permissions": []}}, {"model": "university_connect.baseuser", "pk": 14, "fields": {"password": "pbkdf2_sha256$180000$eBAtvRHiiMzp$2isuhjUkNEP3bqXgWF0DpyELwQ4pcdXb4r1cYJttmYQ=", "last_login": "2021-11-26T11:42:47.760Z", "is_superuser": false, "username": "Student5", "first_name": "Student5", "last_name": "UConnect", "email": "student5@uconnect.com", "is_staff": false, "is_active": true, "date_joined": "2021-11-26T06:32:54.548Z", "user_type": "3", "groups": [], "user_permissions": []}}, {"model": "university_connect.baseuser", "pk": 15, "fields": {"password": "pbkdf2_sha256$180000$qyKXiqjRMNvc$vtzlhfyMVXgiBlAlowHgBdbKWi6rEpgbhalo0WDBfeI=", "last_login": "2021-11-26T15:50:22.110Z", "is_superuser": false, "username": "Student6", "first_name": "Student6", "last_name": "UConnect", "email": "student6@uconnect.com", "is_staff": false, "is_active": true, "date_joined": "2021-11-26T06:46:51.602Z", "user_type": "3", "groups": [], "user_permissions": []}}, {"model": "university_connect.baseuser", "pk": 16, "fields": {"password": "pbkdf2_sha256$180000$2a5UGLcWrkSU$R76sxlQwnOp/CyfMT42FGMLCBRdhDEdF1fc79cvrjI4=", "last_login": "2021-11-27T08:33:57.603Z", "is_superuser": false, "username": "Student7", "first_name": "Student7", "last_name": "UConnect", "email": "student7@uconnect.com", "is_staff": false, "is_active": true, "date_joined": "2021-11-26T06:50:00.895Z", "user_type": "3", "groups": [], "user_permissions": []}}, {"model": "university_connect.baseuser", "pk": 17, "fields": {"password": "pbkdf2_sha256$180000$dSaUPur0gRKE$XgrjkgR0dFLYK3jUSLHXB9LoF6TyjyMZVt63iMfgx8g=", "last_login": null, "is_superuser": false, "username": "Student8", "first_name": "Student8", "last_name": "UConnect", "email": "student8@uconnect.com", "is_staff": false, "is_active": true, "date_joined": "2021-11-26T06:55:16.377Z", "user_type": "3", "groups": [], "user_permissions": []}}, {"model": "university_connect.baseuser", "pk": 19, "fields": {"password": "pbkdf2_sha256$180000$qKh9VOfbJMJz$MblIg6RJmFYLHXnpfamOiY3+owEYiAoev0N4JR8Lo+8=", "last_login": null, "is_superuser": false, "username": "student10", "first_name": "Student10", "last_name": "UConnect", "email": "student10@uconnect.com", "is_staff": false, "is_active": true, "date_joined": "2021-11-26T07:02:35.876Z", "user_type": "3", "groups": [], "user_permissions": []}}, {"model": "university_connect.baseuser", "pk": 20, "fields": {"password": "pbkdf2_sha256$180000$mrKLaCDpfi0O$fvSIfQtfvV37w75SupsQ6uEkwfXI3k48+w7nfIzzxYo=", "last_login": "2021-11-26T16:58:05.054Z", "is_superuser": false, "username": "student11", "first_name": "Student11", "last_name": "UConnect", "email": "student11@uconnect.com", "is_staff": false, "is_active": true, "date_joined": "2021-11-26T07:06:49.262Z", "user_type": "3", "groups": [], "user_permissions": []}}, {"model": "university_connect.baseuser", "pk": 21, "fields": {"password": "pbkdf2_sha256$180000$WRirXxbb3cOl$1xqW/2khwUxPMFRGvPKYv4KUhBV/k4Y5JjIEAEXy1GE=", "last_login": "2021-11-28T07:33:59.167Z", "is_superuser": false, "username": "student12", "first_name": "Student12", "last_name": "UConnect", "email": "student12@uconnect.com", "is_staff": false, "is_active": true, "date_joined": "2021-11-26T07:13:38.398Z", "user_type": "3", "groups": [], "user_permissions": []}}, {"model": "university_connect.baseuser", "pk": 23, "fields": {"password": "pbkdf2_sha256$180000$loQJzmCOrenx$qBQG/7SJ7ZCzZkhWfXzUtICSAkHyiwqLaJ6s8hqncTs=", "last_login": null, "is_superuser": false, "username": "student9", "first_name": "Student9", "last_name": "UConnect", "email": "student9@uconnect.com", "is_staff": false, "is_active": true, "date_joined": "2021-11-27T07:09:55.306Z", "user_type": "3", "groups": [], "user_permissions": []}}, {"model": "university_connect.admin", "pk": 1, "fields": {"admin": 1, "created_at": "2021-11-22T06:14:49.328Z", "updated_at": "2021-11-22T06:14:49.379Z"}}, {"model": "university_connect.faculty", "pk": 1, "fields": {"admin": 2, "address": "Remote", "created_at": "2021-11-22T06:16:24.598Z", "updated_at": "2021-11-22T06:16:24.764Z"}}, {"model": "university_connect.faculty", "pk": 2, "fields": {"admin": 3, "address": "Remote", "created_at": "2021-11-22T06:17:29.024Z", "updated_at": "2021-11-22T06:17:29.178Z"}}, {"model": "university_connect.faculty", "pk": 3, "fields": {"admin": 8, "address": "Remote", "created_at": "2021-11-25T14:23:23.640Z", "updated_at": "2021-11-25T14:23:23.870Z"}}, {"model": "university_connect.faculty", "pk": 4, "fields": {"admin": 9, "address": "House No.  xxxx, Sector 31, Gurgoan", "created_at": "2021-11-25T15:05:27.172Z", "updated_at": "2021-11-25T15:05:27.326Z"}}, {"model": "university_connect.faculty", "pk": 5, "fields": {"admin": 10, "address": "Remote", "created_at": "2021-11-25T15:07:54.443Z", "updated_at": "2021-11-25T15:07:54.596Z"}}, {"model": "university_connect.subject", "pk": 1, "fields": {"subject_name": "Computer Programming", "course_id": 1, "faculty_id": 2, "created_at": "2021-11-22T06:19:43.222Z", "updated_at": "2021-11-22T06:19:43.222Z"}}, {"model": "university_connect.subject", "pk": 2, "fields": {"subject_name": "Electrical Sciences", "course_id": 2, "faculty_id": 3, "created_at": "2021-11-22T06:19:54.617Z", "updated_at": "2021-11-22T06:24:30.253Z"}}, {"model": "university_connect.subject", "pk": 3, "fields": {"subject_name": "Communication Network", "course_id": 2, "faculty_id": 9, "created_at": "2021-11-26T07:20:39.592Z", "updated_at": "2021-11-26T07:20:39.592Z"}}, {"model": "university_connect.subject", "pk": 4, "fields": {"subject_name": "Data Structure & Algorithm", "course_id": 1, "faculty_id": 8, "created_at": "2021-11-26T10:08:04.474Z", "updated_at": "2021-11-26T10:08:04.474Z"}}, {"model": "university_connect.subject", "pk": 5, "fields": {"subject_name": "Principle of Economics", "course_id": 5, "faculty_id": 10, "created_at": "2021-11-26T10:10:59.806Z", "updated_at": "2021-11-26T10:10:59.806Z"}}, {"model": "university_connect.subject", "pk": 6, "fields": {"subject_name": "Fundamental Of Finance & Accounting", "course_id": 5, "faculty_id": 10, "created_at": "2021-11-26T10:13:51.102Z", "updated_at": "2021-11-26T10:13:51.102Z"}}, {"model": "university_connect.student", "pk": 2, "fields": {"admin": 5, "gender": "Female", "profile_pic": "/media/PhotographPalak_BpNMSlz.jpg", "address": "Remote", "course_id": 1, "semester_id": 1, "created_at": "2021-11-22T07:15:28.577Z", "updated_at": "2021-11-28T08:05:26.096Z"}}, {"model": "university_connect.student", "pk": 4, "fields": {"admin": 7, "gender": "Female", "profile_pic": "", "address": "Remote", "course_id": 1, "semester_id": 2, "created_at": "2021-11-22T07:16:40.045Z", "updated_at": "2021-11-26T09:48:59.176Z"}}, {"model": "university_connect.student", "pk": 5, "fields": {"admin": 12, "gender": "Male", "profile_pic": "", "address": "Remote", "course_id": 2, "semester_id": 2, "created_at": "2021-11-25T16:04:56.833Z", "updated_at": "2021-11-26T09:50:51.479Z"}}, {"model": "university_connect.student", "pk": 6, "fields": {"admin": 13, "gender": "Female", "profile_pic": "", "address": "Remote", "course_id": 2, "semester_id": 1, "created_at": "2021-11-25T16:07:45.079Z", "updated_at": "2021-11-26T09:47:56.359Z"}}, {"model": "university_connect.student", "pk": 7, "fields": {"admin": 14, "gender": "Male", "profile_pic": "", "address": "Remote", "course_id": 5, "semester_id": 2, "created_at": "2021-11-26T06:32:54.740Z", "updated_at": "2021-11-26T09:46:58.200Z"}}, {"model": "university_connect.student", "pk": 8, "fields": {"admin": 15, "gender": "Male", "profile_pic": "", "address": "Hostel", "course_id": 1, "semester_id": 1, "created_at": "2021-11-26T06:46:51.776Z", "updated_at": "2021-11-26T09:45:46.879Z"}}, {"model": "university_connect.student", "pk": 9, "fields": {"admin": 16, "gender": "Male", "profile_pic": "", "address": "Remote", "course_id": 2, "semester_id": 2, "created_at": "2021-11-26T06:50:01.232Z", "updated_at": "2021-11-26T09:42:29.956Z"}}, {"model": "university_connect.student", "pk": 10, "fields": {"admin": 17, "gender": "Female", "profile_pic": "", "address": "Remote", "course_id": 5, "semester_id": 1, "created_at": "2021-11-26T06:55:16.540Z", "updated_at": "2021-11-26T09:41:09.582Z"}}, {"model": "university_connect.student", "pk": 12, "fields": {"admin": 19, "gender": "Female", "profile_pic": "", "address": "Remote", "course_id": 2, "semester_id": 1, "created_at": "2021-11-26T07:02:36.488Z", "updated_at": "2021-11-26T09:55:21.184Z"}}, {"model": "university_connect.student", "pk": 13, "fields": {"admin": 20, "gender": "Male", "profile_pic": "", "address": "Remote", "course_id": 5, "semester_id": 2, "created_at": "2021-11-26T07:06:49.434Z", "updated_at": "2021-11-26T09:56:52.439Z"}}, {"model": "university_connect.student", "pk": 14, "fields": {"admin": 21, "gender": "Male", "profile_pic": "", "address": "Remote", "course_id": 1, "semester_id": 1, "created_at": "2021-11-26T07:13:38.582Z", "updated_at": "2021-11-26T09:59:11.280Z"}}, {"model": "university_connect.student", "pk": 16, "fields": {"admin": 23, "gender": "Female", "profile_pic": "", "address": "Remote", "course_id": 1, "semester_id": 2, "created_at": "2021-11-27T07:09:55.994Z", "updated_at": "2021-11-27T07:09:56.181Z"}}, {"model": "university_connect.feedback", "pk": 3, "fields": {"user": 5, "feedback": "Please work on improving hygiene in the mess and hostels.", "feedback_reply": "", "created_at": "2021-11-28T08:27:32.351Z", "updated_at": "2021-11-28T08:27:32.351Z"}}, {"model": "university_connect.leavereport", "pk": 2, "fields": {"user": 2, "start_date": "2021-11-25", "end_date": "2021-11-29", "message": "Vaccation", "status": 1, "created_at": "2021-11-26T10:36:45.410Z", "updated_at": "2021-11-28T07:57:11.043Z"}}, {"model": "university_connect.leavereport", "pk": 3, "fields": {"user": 3, "start_date": "2021-11-29", "end_date": "2021-11-30", "message": "Not feeling well", "status": 0, "created_at": "2021-11-26T10:58:07.795Z", "updated_at": "2021-11-26T10:58:07.795Z"}}, {"model": "university_connect.leavereport", "pk": 4, "fields": {"user": 10, "start_date": "2021-11-30", "end_date": "2021-11-30", "message": "Family Vaccation", "status": 0, "created_at": "2021-11-26T11:16:58.347Z", "updated_at": "2021-11-26T11:16:58.347Z"}}]